Workbook

Sheet README
A1: Test Case Workbook: AutomationExercise.com
A3: Purpose | B3: Test cases and execution results for manual black box testing. One tab per module; the Summary tab counts results automatically.
A4: How to use | B4: 1. Fill in the yellow cells on each module tab (Tester Name, Date, Operating System, Browser). 2. Run each test case and record the Actual Result. 3. Set Status from the dropdown (Pass / Fail / Blocked / Not Run). 4. For every Fail, log a bug in Jira and enter its ID in the Bug ID column. 5. Add more test cases in the empty rows below the table (rows 12 to 60 are ready).
A5: Yellow cells | B5: Cells you need to edit. Everything else is already filled in.
A6: Example rows | B6: The Signup and Login tabs contain starter test cases that also serve as examples of the expected format.
A7: Test Case ID format | B7: TC_<MODULE>_<NUMBER>, for example TC_CART_01. Use the same ID when referring to a test case in a Jira bug.
A8: Status values | B8: Pass = actual matches expected. Fail = does not match (log a bug). Blocked = could not run (for example, site down). Not Run = not executed yet.
A9: Priority values | B9: High = core feature or likely to affect many users. Medium = important but not critical. Low = minor or cosmetic.
A10: IMPORTANT | B10: The Expected Results in the starter cases are based on normal e-commerce behavior. While you explore and run the site, check each one against what the site is designed to do and edit the wording if needed. Test input values in [brackets] are placeholders: replace them with your own dummy data.
A11: Summary tab | B11: Uses formulas, so it updates by itself as you change Status values.

Sheet Summary
A1: Module | B1: Total | C1: Pass | D1: Fail | E1: Blocked | F1: Not Run | G1: Pass %
A2: Signup | B2: =COUNTA(Signup!A12:A59) -> 7 | C2: =COUNTIF(Signup!F12:F59,"Pass") -> 7 | D2: =COUNTIF(Signup!F12:F59,"Fail") -> 0 | E2: =COUNTIF(Signup!F12:F59,"Blocked") -> 0 | F2: =COUNTIF(Signup!F12:F59,"Not Run") -> 0 | G2: =IF(B2=0,"-",C2/B2) -> 1
A3: Login | B3: =COUNTA(Login!A12:A60) -> 8 | C3: =COUNTIF(Login!F12:F60,"Pass") -> 7 | D3: =COUNTIF(Login!F12:F60,"Fail") -> 1 | E3: =COUNTIF(Login!F12:F60,"Blocked") -> 0 | F3: =COUNTIF(Login!F12:F60,"Not Run") -> 0 | G3: =IF(B3=0,"-",C3/B3) -> 0.875
A4: Products_Search | B4: =COUNTA(Products_Search!A12:A60) -> 5 | C4: =COUNTIF(Products_Search!F12:F60,"Pass") -> 5 | D4: =COUNTIF(Products_Search!F12:F60,"Fail") -> 0 | E4: =COUNTIF(Products_Search!F12:F60,"Blocked") -> 0 | F4: =COUNTIF(Products_Search!F12:F60,"Not Run") -> 0 | G4: =IF(B4=0,"-",C4/B4) -> 1
A5: Cart | B5: =COUNTA(Cart!A12:A60) -> 2 | C5: =COUNTIF(Cart!F12:F60,"Pass") -> 2 | D5: =COUNTIF(Cart!F12:F60,"Fail") -> 0 | E5: =COUNTIF(Cart!F12:F60,"Blocked") -> 0 | F5: =COUNTIF(Cart!F12:F60,"Not Run") -> 0 | G5: =IF(B5=0,"-",C5/B5) -> 1
A6: Checkout | B6: =COUNTA(Checkout!A12:A60) -> 3 | C6: =COUNTIF(Checkout!F12:F60,"Pass") -> 3 | D6: =COUNTIF(Checkout!F12:F60,"Fail") -> 0 | E6: =COUNTIF(Checkout!F12:F60,"Blocked") -> 0 | F6: =COUNTIF(Checkout!F12:F60,"Not Run") -> 0 | G6: =IF(B6=0,"-",C6/B6) -> 1
A7: Contact_Us | B7: =COUNTA(Contact_Us!A12:A60) -> 9 | C7: =COUNTIF(Contact_Us!F12:F60,"Pass") -> 7 | D7: =COUNTIF(Contact_Us!F12:F60,"Fail") -> 2 | E7: =COUNTIF(Contact_Us!F12:F60,"Blocked") -> 0 | F7: =COUNTIF(Contact_Us!F12:F60,"Not Run") -> 0 | G7: =IF(B7=0,"-",C7/B7) -> 0.77777778
A8: TOTAL | B8: =SUM(B2:B7) -> 34 | C8: =SUM(C2:C7) -> 31 | D8: =SUM(D2:D7) -> 3 | E8: =SUM(E2:E7) -> 0 | F8: =SUM(F2:F7) -> 0 | G8: =IF(B8=0,"-",C8/B8) -> 0.91176471
A10: Counts update automatically from the Status column on each module tab.

Sheet Signup
A1: Module Name | B1: Signup
A2: Test Scenario | B2: Verify a new user can register successfully and that invalid or duplicate registration data is handled correctly.
A3: Test Case Description | B3: To check the signup (registration) functionality of AutomationExercise.com.
A4: Prerequisites | B4: 1. Stable internet connection 2. Browser installed (Chrome recommended) 3. A test account created with dummy details (not real personal data)
A5: Environment: OS | B5: Windows 11
A6: Environment: Browser | B6: Google Chrome
A7: Application URL | B7: https://automationexercise.com
A8: Tester Name | B8: Kshitj Bhatiya
A9: Date | B9: 05-10-2026
A11: Test Case ID | B11: Test Steps | C11: Test Input | D11: Expected Result | E11: Actual Result | F11: Status | G11: Priority | H11: Bug ID | I11: Comments
A12: TC_SIGNUP_01 | B12: 1. Open the Home page 2. Click 'Signup / Login' 3. Enter Name and a new Email under 'New User Signup!' 4. Click 'Signup' 5. Fill in the Account Information and Address details 6. Click 'Create Account' | C12: Name: Rohan Email: Rohan1234@gmail.com | D12: 'Account Created!' message is shown and the user can continue to the site | E12: Successfully diverts to other page | F12: Pass | G12: High
A13: TC_SIGNUP_02 | B13: 1. Go to 'Signup / Login' 2. Enter Name and an email that is already registered 3. Click 'Signup' | C13: Name:Rohan Email:Rohan1234@gmail.com | D13: An error message says the email already exists and no new account is created | E13: An error message says the email already exists and no new account is created | F13: Pass | G13: High
A14: TC_SIGNUP_03 | B14: 1. Go to 'Signup / Login' 2. Leave Name and Email blank 3. Click 'Signup' | C14: Name: (blank) Email: (blank) | D14: User is prompted to fill the required fields and cannot proceed | E14: User is prompted to fill the required fields and cannot proceed | F14: Pass | G14: Medium
A15: TC_SIGNUP_04 | B15: 1. Go to 'Signup / Login' 2. Enter a Name and an email without '@' 3. Click 'Signup' | C15: Name: Rohan Email: Rohan1234@ | D15: Invalid email format is rejected with a validation message | E15: Invalid email format is rejected with a validation message | F15: Pass | G15: Medium
A16: TC_SIGNUP_05 | B16: 1. Start signup with valid Name and Email 2. On the Account Information page, leave mandatory fields blank (password, address, etc.) 3. Click 'Create Account' | C16: Mandatory fields: (blank) | D16: Account is not created and the user is told which fields are required | E16: Account is not created and the user is told which fields are required | F16: Pass | G16: High
A17: TC_SIGNUP_06 | B17: 1. Start signup with valid Name and Email 2. Type a password on the Account Information page | C17: Password: 12345678 | D17: Password characters are masked (shown as dots) while typing | E17: Password characters are masked (shown as dots) while typing | F17: Pass | G17: Low
A18: TC_SIGNUP_07 | B18: 1. Log in with the newly created account 2. Click 'Delete Account' | C18: Account created in TC_SIGNUP_01 | D18: 'Account Deleted!' message is shown and the user can no longer log in with those credentials | E18: Account Deleted! Message shown | F18: Pass | G18: Medium

Sheet Login
A1: Module Name | B1: Login
A2: Test Scenario | B2: Verify a registered user can log in and log out, and that invalid credentials are rejected.
A3: Test Case Description | B3: To check the login and logout functionality of AutomationExercise.com.
A4: Prerequisites | B4: 1. Stable internet connection 2. Browser installed (Chrome recommended) 3. A test account created with dummy details (not real personal data)
A5: Environment: OS | B5: Windows 11
A6: Environment: Browser | B6: Google Chrome
A7: Application URL | B7: https://automationexercise.com
A8: Tester Name | B8: Kshitj Bhatiya
A9: Date | B9: [05/10/2026]
A11: Test Case ID | B11: Test Steps | C11: Test Input | D11: Expected Result | E11: Actual Result | F11: Status | G11: Priority | H11: Bug ID | I11: Comments
A12: TC_LOGIN_01 | B12: 1. Open the Home page 2. Click 'Signup / Login' 3. Enter registered Email and Password under 'Login to your account' 4. Click 'Login' | C12: Email: Rohan1234@gmail.com Password: 12345678 | D12: User is logged in and 'Logged in as [name]' is shown in the header | E12: User is successfully logged in. | F12: Pass | G12: High
A13: TC_LOGIN_02 | B13: 1. Go to 'Signup / Login' 2. Enter registered Email and a wrong Password 3. Click 'Login' | C13: Email: Rohan1234@gmail.com Password: 11111 | D13: Login fails with an 'incorrect email or password' type of error message | E13: Message displayed :Your email or password is incorrect! Login fails | F13: Pass | G13: High
A14: TC_LOGIN_03 | B14: 1. Go to 'Signup / Login' 2. Enter an email that is not registered and any password 3. Click 'Login' | C14: Email: Rohan5555@gmail.com Password: 0000000 | D14: Login fails with an error message and no session is created | E14: Message displayed :Your email or password is incorrect! Login fails | F14: Fail | G14: High | H14: BUG-1
A15: TC_LOGIN_04 | B15: 1. Go to 'Signup / Login' 2. Leave Email and Password blank 3. Click 'Login' | C15: Email: (blank) Password: (blank) | D15: User is prompted to fill the required fields and cannot log in | E15: User is prompted to fill the required fields and cannot log in | F15: Pass | G15: Medium
A16: TC_LOGIN_05 | B16: 1. Go to 'Signup / Login' 2. Enter an email without '@' and a password 3. Click 'Login' | C16: Email: testmail.com Password: 12345678 | D16: Invalid email format is rejected with a validation message | E16: Invalid email format is rejected with a validation message | F16: Pass | G16: Medium
A17: TC_LOGIN_06 | B17: 1. Go to 'Signup / Login' 2. Type a password in the login form | C17: Password: 12345678 | D17: Password characters are masked (shown as dots) while typing | E17: Password characters are masked | F17: Pass | G17: Low
A18: TC_LOGIN_07 | B18: 1. Log in with valid credentials 2. Click 'Logout' | C18: Valid registered credentials | D18: User is logged out and taken back to the Login page | E18: User is logged out and taken back to the Login page | F18: Pass | G18: High
A19: TC_LOGIN_08 | B19: 1. Log in with valid credentials 2. Click 'Logout' 3. Click the browser Back button | C19: Valid registered credentials | D19: User does not appear logged in and cannot use account features without logging in again | E19: User does not appear logged in and cannot use account features without logging in again | F19: Pass | G19: Medium

Sheet Products_Search
A1: Module Name | B1: Products / Search
A2: Test Scenario | B2: Verify users can browse, search and filter products and view product details.
A3: Test Case Description | B3: To check product listing, search, filters and product details of AutomationExercise.com.
A4: Prerequisites | B4: 1. Stable internet connection 2. Browser installed (Chrome recommended) 3. A test account created with dummy details (not real personal data)
A5: Environment: OS | B5: Windows 11
A6: Environment: Browser | B6: Google Chrome
A7: Application URL | B7: https://automationexercise.com
A8: Tester Name | B8: Kshitj Bhatiya
A9: Date | B9: [05/10/2026]
A11: Test Case ID | B11: Test Steps | C11: Test Input | D11: Expected Result | E11: Actual Result | F11: Status | G11: Priority | H11: Bug ID | I11: Comments
A12: TC_PRODUCT_01 | B12: 1. Open the Home page 2. Click 'Products' 3. Enter Product Name 4. Click 'Search Icon' | C12: Product Name:Dress | D12: It should display every item matching with keyword | E12: It do successfully display items. | F12: Pass | G12: High
A13: TC_PRODUCT_02 | B13: 1. Open the Home page 2. Click 'Products' 3. Enter Product Name 4. Click 'Search Icon' 5. Under Catogries choose 'Saree' | C13: In filters under women click 'Saree' | D13: It should display every item matching with filter | E13: It do successfully display items. | F13: Pass | G13: Medium
A14: TC_PRODUCT_03 | B14: 1. Open the Home page 2. Click 'Products' 3. Under Brands choose 'POLO' | C14: In Filters under Brands choose 'POLO' | D14: It should display every item matching with filter | E14: It do successfully display items. | F14: Pass | G14: Medium
A15: TC_PRODUCT_04 | B15: 1. Open the Home page 2. Click 'Products' 3. Click ' View Prodect' | C15: click view prodect under random prodect | D15: It should open detailed page about the same product | E15: It do open the detailed product page. | F15: Pass | G15: Medium
A16: TC_PRODUCT_05 | B16: 1. Open the Home page 2. Click 'Products' 3. Click ' View Product' 4. Click 'Add to Cart' | C16: Press 'Add to Cart' | D16: Your product has been added to cart. | E16: Product does successfully get added to Cart. | F16: Pass | G16: High

Sheet Cart
A1: Module Name | B1: Cart
A2: Test Scenario | B2: Verify users can add, remove and update items in the cart and that totals are correct.
A3: Test Case Description | B3: To check the shopping cart functionality of AutomationExercise.com.
A4: Prerequisites | B4: 1. Stable internet connection 2. Browser installed (Chrome recommended) 3. A test account created with dummy details (not real personal data)
A5: Environment: OS | B5: Windows 11
A6: Environment: Browser | B6: Google Chrome
A7: Application URL | B7: https://automationexercise.com
A8: Tester Name | B8: Kshitj Bhatiya
A9: Date | B9: [05/10/2026]
A11: Test Case ID | B11: Test Steps | C11: Test Input | D11: Expected Result | E11: Actual Result | F11: Status | G11: Priority | H11: Bug ID | I11: Comments
A12: TC_CART_01 | B12: 1. Open the Home page 2. Click 'Cart' | C12: Click Cart button on home page(When there are no item added to cart) | D12: Cart is empty! Click here to buy products.Shipping & Logistics | E12: Cart is empty and does show proper message. | F12: Pass | G12: Medium
A13: TC_CART_02 | B13: 1. Open the Home page 2. Click 'Cart' 3.Click Cross icon | C13: Click cross Icon to remove Item | D13: Selected Item should be removed from Cart | E13: Selected Item has been removed from Cart | F13: Pass | G13: Medium

Sheet Checkout
A1: Module Name | B1: Checkout
A2: Test Scenario | B2: Verify users can place an order, receive confirmation and download the invoice.
A3: Test Case Description | B3: To check the checkout, payment form and order confirmation of AutomationExercise.com.
A4: Prerequisites | B4: 1. Stable internet connection 2. Browser installed (Chrome recommended) 3. A test account created with dummy details (not real personal data)
A5: Environment: OS | B5: Windows 11
A6: Environment: Browser | B6: Google Chrome
A7: Application URL | B7: https://automationexercise.com
A8: Tester Name | B8: Kshitj Bhatiya
A9: Date | B9: [05/10/2026]
A11: Test Case ID | B11: Test Steps | C11: Test Input | D11: Expected Result | E11: Actual Result | F11: Status | G11: Priority | H11: Bug ID | I11: Comments
A12: TC_CHECKOUT_01 | B12: 1. Open the Home page 2. Click 'Cart' 3. Click' Procced to Checkout' | C12: Click procced to Checkout in the cart window | D12: All the details such as address should be correct as well as the item | E12: All the details such as address is correct as well as the item | F12: Pass | G12: High
A13: TC_CHECKOUT_02 | B13: 1. Open the Home page 2. Click 'Cart' 3. Click' Procced to Checkout' | C13: Click Procced to checkout when User is not logged in | D13: Register / Login account to proceed on checkout | E13: Register / Login account to proceed on checkout | F13: Pass | G13: High
A14: TC_CHECKOUT_03 | B14: 1. Open the Home page 2. Click 'Cart' 3. Click' Procced to Checkout' 4.Click 'Place Order' | C14: Clicking place order | D14: Correct payment window shall Open. | E14: Correct payment window is Opening. | F14: Pass | G14: High

Sheet Contact_Us
A1: Module Name | B1: Contact Us
A2: Test Scenario | B2: Verify the Contact Us form accepts valid input, validates invalid input and supports file upload.
A3: Test Case Description | B3: To check the Contact Us form of AutomationExercise.com.
A4: Prerequisites | B4: 1. Stable internet connection 2. Browser installed (Chrome recommended) 3. A test account created with dummy details (not real personal data)
A5: Environment: OS | B5: Windows 11
A6: Environment: Browser | B6: Google Chrome
A7: Application URL | B7: https://automationexercise.com
A8: Tester Name | B8: Kshitj Bhatiya
A9: Date | B9: [05/10/2026]
A11: Test Case ID | B11: Test Steps | C11: Test Input | D11: Expected Result | E11: Actual Result | F11: Status | G11: Priority | H11: Bug ID | I11: Comments
A12: TC_CONTACTUS_01 | B12: 1. Open the Home page 2. Click 'Contact us' 3. Enter Name,Email,Subject, message and choose file for upload under 'GET IN TOUCH' 4. Click 'Submit' | C12: Name: Rohan Email: Rohan1234@gmail.com Subject:Contacting you! Message: Hello there! File chosen: Testfile123 | D12: Success! Your details have been submitted successfully. | E12: Success! Your details have been submitted successfully. | F12: Pass | G12: High
A13: TC_CONTACTUS_02 | B13: 1. Open the Home page 2. Click 'Contact us' 3. Enter only Name 4. Click 'Submit' | C13: Name: Rohan | D13: Submit button should not work | E13: Submit button should not work | F13: Pass | G13: Medium
A14: TC_CONTACTUS_03 | B14: 1. Open the Home page 2. Click 'Contact us' 3. Enter only Email 4. Click 'Submit' | C14: Email: Rohan1234@gmail.com | D14: Submit button should not work | E14: Success! Your details have been submitted successfully. | F14: Fail | G14: Medium | H14: /BUG-2
A15: TC_CONTACTUS_04 | B15: 1. Open the Home page 2. Click 'Contact us' 3. Enter only Subject 4. Click 'Submit' | C15: Subject:Contacting you! | D15: Submit button should not work | E15: Submit button should not work | F15: Pass | G15: Medium
A16: TC_CONTACTUS_05 | B16: 1. Open the Home page 2. Click 'Contact us' 3. Enter only Message 4. Click 'Submit' | C16: Message: Hello there! | D16: Submit button should not work | E16: Submit button should not work | F16: Pass | G16: Medium
A17: TC_CONTACTUS_06 | B17: 1. Open the Home page 2. Click 'Contact us' 3. Upload file only 4. Click 'Submit' | C17: File chosen: Testfile123 | D17: Submit button should not work | E17: Submit button should not work | F17: Pass | G17: Medium
A18: TC_CONTACTUS_07 | B18: 1. Open the Home page 2. Click 'Contact us' 3. Click 'Submit' | C18: Press submit button | D18: Submit button should not work | E18: Submit button should not work | F18: Pass | G18: High
A19: TC_CONTACTUS_08 | B19: 1. Open the Home page 2. Click 'Contact us' 3. Enter Invalid Email Format 4. Click 'Submit' | C19: Email: Rohan1234 | D19: Please Enter valid field | E19: Please Enter valid field | F19: Pass | G19: High
A20: TC_CONTACTUS_09 | B20: 1. Open the Home page 2. Click 'Contact us' 3. Enter Invalid name Format 4. Click 'Submit' | C20: Name: 12345 | D20: Please Enter valid field | E20: Success! Your details have been submitted successfully. | F20: Fail | G20: Low | H20: BUG-3
